demScen_edge;transportPolScen_edge;demScen_remind;EDGEtr_scen_remind
SSP2_demDiffer;Mix4ICEban;SSP2_demDiffer_IKEA;Mix4ICEban
SSP2_demDiffer;Mix1;SSP2_demDiffer_IKEA;Mix1
SSP2;NAV_ele;SSP2_NAV_ele;NAV_ele
SSP2;NAV_tec;SSP2_NAV_tec;NAV_tec
SSP2_demRedStrong;NAV_act;SSP2_NAV_act;NAV_act
SSP2_demRedStrong;NAV_all;SSP2_NAV_all;NAV_all
SSP2_demRedStrong;NAV_lce;SSP2_NAV_lce;NAV_lce
SSP2_demRedWeak;CAMP_lscWeak;SSP2_CAMP_weak;CAMP_lscWeak
SSP2_demRedStrong;CAMP_lscStrong;SSP2_CAMP_strong;CAMP_lscStrong
SSP2_demRedStrong;Mix1;SSP2_lowEn;Mix1
SSP2_demRedStrong;Mix2;SSP2_lowEn;Mix2
SSP2_demRedStrong;Mix2ICEban;SSP2_lowEn;Mix2ICEban
SSP2_demRedStrong;Mix3ICEban;SSP2_lowEn;Mix3ICEban
SSP2_demRedStrong;Mix4ICEban;SSP2_lowEn;Mix4ICEban
SSP2_lowAvShip;Mix1;SSP2;Mix1_lowAvShip
SSP2_lowAvShip;Mix2;SSP2;Mix2_lowAvShip
SSP2_lowAvShip;Mix2ICEban;SSP2;Mix2ICEban_lowAvShip
SSP2_lowAvShip;Mix3ICEban;SSP2;Mix3ICEban_lowAvShip
SSP2_lowAvShip;Mix4ICEban;SSP2;Mix4ICEban_lowAvShip
